County,Year,all_irrigatedfarms_acres,with_harvestland_acres,with_othercropland_acres,with_pastureland_acres,all_irrigatedland_acres,irrigatedcrop_acre,irrigated_pasture_acre
Colorado,"1,982",17351278,3435646,1103227,11591831,3200942,2656328,544614
Adams,"1,982",195521,77146,62103,49258,33218,31529,1689
Alamosa,"1,982",212918,69945,8554,126827,96880,69515,27365
Arapahoe,"1,982",95832,15283,17460,61180,3883,3769,114
Archuleta,"1,982",95642,5080,707,77230,10837,4399,6438
Baca,"1,982",333830,126068,73591,131330,58702,57293,1409
Bent,"1,982",489766,60631,15894,408142,56932,54930,2002
Boulder,"1,982",119629,40021,5970,64713,44105,36801,7304
Broomfield,"1,982",,,,,,,
Chaffee,"1,982",107711,10536,206,91737,17035,10506,6529
Cheyenne,"1,982",255977,74039,64564,18614,56,3,0
Clear Creek,"1,982",3771,147,0,Withheld,Withheld,147,Withheld
Conejos,"1,982",305096,85170,10030,179159,120351,83839,36512
Costilla,"1,982",263384,32146,8436,205953,44255,31915,12340
Crowley,"1,982",178185,25139,20175,127782,24128,23512,616
Custer,"1,982",157837,13322,264,132524,17164,12096,5068
Delta,"1,982",232349,46653,4170,142338,66666,46143,20523
Denver,"1,982",Withheld,Withheld,Withheld,Withheld,89,89,0
Dolores,"1,982",42966,2459,662,38330,1253,433,820
Douglas,"1,982",89165,6971,2134,78049,5608,4706,902
Eagle,"1,982",197846,Withheld,39,167630,29751,18711,11040
Elbert,"1,982",239944,13623,8116,211647,6018,5599,419
El Paso,"1,982",188827,10952,5088,165970,11963,9817,2146
Fremont,"1,982",221413,8572,1185,200774,10308,7886,2422
Garfield,"1,982",442107,37160,4447,371866,50771,34797,15974
Gilpin,"1,982",Withheld,Withheld,0,Withheld,Withheld,Withheld,0
Grand,"1,982",262139,28501,602,196029,40600,28231,12369
Gunnison,"1,982",234713,Withheld,250,184331,52849,32732,20117
Hinsdale,"1,982",8281,960,0,6314,1695,880,815
Huerfano,"1,982",367838,10996,1079,331110,11236,10045,1191
Jackson,"1,982",387166,75527,Withheld,294649,104074,74622,29452
Jefferson,"1,982",24641,2657,998,19403,3036,1078,1958
Kiowa,"1,982",58036,13868,11456,32606,6309,Withheld,Withheld
Kit Carson,"1,982",741116,254329,161701,315703,119847,118643,1204
Lake,"1,982",8212,Withheld,0,6825,4770,1150,3620
La Plata,"1,982",538767,31514,8559,212339,58443,25305,33138
Larimer,"1,982",355497,86900,14529,223169,104534,78717,25817
Las Animas,"1,982",886151,15022,1368,816289,25144,14247,10897
Lincoln,"1,982",238967,21352,12804,203286,6245,5945,300
Logan,"1,982",420698,118680,35416,255708,94028,90403,3625
Mesa,"1,982",392430,58163,5923,291701,91859,56921,34938
Mineral,"1,982",7479,Withheld,Withheld,6127,887,252,635
Moffat,"1,982",739565,35745,21480,668988,22706,16587,6119
Montezuma,"1,982",736556,24935,4887,580745,35752,19432,16320
Montrose,"1,982",391711,67343,3671,277366,94419,66866,27553
Morgan,"1,982",430139,158574,35193,219893,146298,144055,2243
Otero,"1,982",214084,58685,6462,141956,61599,58257,3342
Ouray,"1,982",120494,8601,424,95266,12786,8432,4354
Park,"1,982",227427,15711,0,206837,18842,14964,3878
Phillips,"1,982",253484,142000,54735,52372,89246,88335,911
Pitkin,"1,982",40133,6080,0,31929,10788,6040,4748
Prowers,"1,982",398836,148659,78643,150767,110823,108581,2242
Pueblo,"1,982",215942,32307,6900,168335,31067,28337,2730
Rio Blanco,"1,982",297327,24104,9054,255245,26780,18036,8744
Rio Grande,"1,982",224770,91062,11795,90135,110718,88657,22061
Routt,"1,982",459889,44134,11655,371782,47330,32715,14615
Saguache,"1,982",451755,90326,25518,317434,128326,88601,39725
San Juan,"1,982",0,0,0,0,0,0,0
San Miguel,"1,982",133012,5296,2238,119881,13308,5292,8016
Sedgwick,"1,982",187757,74659,26384,77150,51770,50991,779
Summit,"1,982",33610,Withheld,Withheld,26415,6135,3670,2465
Teller,"1,982",36397,1024,0,17724,955,800,155
Washington,"1,982",385602,91980,48832,239079,46600,46191,409
Weld,"1,982",977413,445378,78256,406716,404869,388017,16852
Yuma,"1,982",992682,332672,107621,528775,273605,259555,14050
Colorado,1987,16729869,3146213,1372026,10932828,3013773,2442358,571415
Adams,1987,169193,72659,58445,29375,28979,27534,1445
Alamosa,1987,204015,72558,13252,110198,108029,71503,36526
Arapahoe,1987,62390,10769,14006,35875,2046,1968,78
Archuleta,1987,113144,4969,347,90116,14150,4509,9641
Baca,1987,313612,0,102660,0,40272,38834,1438
Bent,1987,453257,48350,23547,376298,55498,45650,9848
Boulder,1987,103977,35485,12573,49898,39363,31512,7851
Broomfield,1987,,,,,,,
Chaffee,1987,88046,Withheld,872,67072,15361,12216,3145
Cheyenne,1987,217827,48571,46896,115971,20540,19999,541
Clear Creek,1987,7637,192,0,2748,275,Withheld,Withheld
Conejos,1987,269516,79966,9327,165579,104542,78697,25845
Costilla,1987,242715,Withheld,6589,192633,30859,26608,4251
Crowley,1987,114706,18219,9846,Withheld,21122,16223,4899
Custer,1987,97072,15790,235,77134,21194,15270,5924
Delta,1987,245355,44378,5342,160097,65853,44278,21575
Denver,1987,Withheld,Withheld,0,0,9,9,0
Dolores,1987,39477,2878,1661,29200,1488,Withheld,Withheld
Douglas,1987,88061,6802,1337,75235,4627,3680,947
Eagle,1987,201559,Withheld,79,188459,25763,16725,9038
Elbert,1987,154079,9374,6724,125994,5327,4912,415
El Paso,1987,154329,11511,4935,128866,13166,9634,3332
Fremont,1987,204302,10286,982,176738,12128,9560,2568
Garfield,1987,402126,37763,4527,321638,53552,35828,17724
Gilpin,1987,Withheld,Withheld,0,Withheld,Withheld,Withheld,0
Grand,1987,306623,36595,2005,222854,49059,35668,13391
Gunnison,1987,197538,29140,278,157634,45416,28805,16611
Hinsdale,1987,Withheld,Withheld,Withheld,6754,1749,485,1264
Huerfano,1987,367481,13533,2914,312548,14086,11440,2646
Jackson,1987,394938,79165,Withheld,286359,109281,78472,30809
Jefferson,1987,22977,3018,596,14840,3434,1977,1457
Kiowa,1987,41158,Withheld,16944,Withheld,3122,3122,0
Kit Carson,1987,751574,252057,203766,Withheld,124475,121389,3086
Lake,1987,8919,493,72,7918,Withheld,493,Withheld
La Plata,1987,564447,38411,11641,192307,61461,32319,29142
Larimer,1987,379553,81101,19588,258834,79870,70915,8955
Las Animas,1987,817732,19695,5403,773491,32426,19237,13189
Lincoln,1987,139277,12263,13631,88923,4984,4734,250
Logan,1987,412259,118820,58492,222800,94503,88305,6198
Mesa,1987,416948,56828,10036,309133,81824,55966,25858
Mineral,1987,8127,Withheld,0,6437,1505,Withheld,Withheld
Moffat,1987,648548,24599,15483,587249,42411,16407,26004
Montezuma,1987,749669,23282,11977,585624,35539,18440,17099
Montrose,1987,396909,61207,6543,281217,86529,60939,25590
Morgan,1987,382339,138329,52955,178026,119494,115701,3793
Otero,1987,390570,52823,13602,Withheld,56266,51861,4405
Ouray,1987,146209,9433,208,116209,13350,9358,3992
Park,1987,205083,12314,398,184993,14346,11716,2630
Phillips,1987,232577,115630,71751,Withheld,70283,66643,3640
Pitkin,1987,32026,Withheld,379,22509,13926,6136,7790
Prowers,1987,373177,126462,76907,Withheld,104831,102409,2422
Pueblo,1987,197607,28382,7165,154563,31647,27700,3947
Rio Blanco,1987,368882,25255,7066,322226,26999,21225,5774
Rio Grande,1987,194329,81276,20848,79587,116779,81028,35751
Routt,1987,399079,38174,20595,304369,44432,30006,14426
Saguache,1987,439090,103132,24034,297119,136553,102439,34114
San Juan,1987,Withheld,0,0,Withheld,Withheld,0,Withheld
San Miguel,1987,131039,5443,565,122046,10859,5391,5468
Sedgwick,1987,181406,60855,32033,85303,39524,38624,900
Summit,1987,30816,6885,Withheld,19194,10465,6885,3580
Teller,1987,48674,1148,Withheld,30560,1003,914,89
Washington,1987,393242,92014,58818,238519,39547,38409,1138
Weld,1987,952475,387925,122594,397097,358565,335961,22604
Yuma,1987,1050101,309445,157527,567369,246116,226351,19765
Colorado,1992,16647647,3390951,1206604,10841095,3169839,2649111,520728
Adams,1992,140105,62753,43034,29774,28763,26744,2019
Alamosa,1992,191769,75752,8714,99894,97297,71827,25470
Arapahoe,1992,66662,8779,11105,45384,3314,3033,281
Archuleta,1992,90314,4788,491,75896,14741,4468,10273
Baca,1992,318022,106264,73096,134510,51156,50353,803
Bent,1992,387050,52357,12014,319764,52877,51001,1876
Boulder,1992,126112,39895,4535,72966,44642,36552,8090
Broomfield,1992,,,,,,,
Chaffee,1992,79406,Withheld,326,64125,16428,9778,6650
Cheyenne,1992,229912,47776,49800,123634,15779,15779,0
Clear Creek,1992,3557,Withheld,0,Withheld,156,Withheld,Withheld
Conejos,1992,281353,90176,6510,160239,117364,87186,30178
Costilla,1992,329386,35018,17721,261522,41604,34612,6992
Crowley,1992,100040,12022,9373,77328,11552,10162,1390
Custer,1992,123131,Withheld,128,103134,19363,13532,5831
Delta,1992,234737,47703,5136,137356,71690,47100,24590
Denver,1992,Withheld,Withheld,0,Withheld,Withheld,Withheld,0
Dolores,1992,67592,17524,5651,36988,7611,5470,2141
Douglas,1992,91279,6484,2806,76570,3346,2675,671
Eagle,1992,192624,14753,494,160108,24093,14694,9399
Elbert,1992,200410,11372,5831,177254,5967,5669,298
El Paso,1992,160136,11098,2200,139198,10861,8180,2681
Fremont,1992,240148,10249,1098,201065,12779,9944,2835
Garfield,1992,355672,34932,8003,278072,48999,32943,16056
Gilpin,1992,Withheld,Withheld,Withheld,Withheld,Withheld,Withheld,Withheld
Grand,1992,289411,Withheld,52,190355,39079,29809,9270
Gunnison,1992,157181,Withheld,135,116542,49271,30072,19199
Hinsdale,1992,Withheld,1192,Withheld,4253,1682,1192,490
Huerfano,1992,330061,13364,493,297518,13487,11994,1493
Jackson,1992,417194,Withheld,Withheld,303129,101408,78387,23021
Jefferson,1992,31355,2336,924,23745,3077,2024,1053
Kiowa,1992,39885,10064,13393,16296,2276,Withheld,Withheld
Kit Carson,1992,744977,276579,187916,275116,139413,138719,694
Lake,1992,Withheld,Withheld,Withheld,10108,6668,645,6023
La Plata,1992,542667,38402,15911,189498,85394,32239,53155
Larimer,1992,303816,76000,12668,197861,82724,68546,14178
Las Animas,1992,796821,20821,9305,743390,23775,19319,4456
Lincoln,1992,105507,15059,13838,76039,4167,Withheld,Withheld
Logan,1992,364520,125686,40681,191354,104617,101200,3417
Mesa,1992,387665,Withheld,5071,300016,78267,55781,22486
Mineral,1992,6077,Withheld,0,Withheld,1057,Withheld,Withheld
Moffat,1992,755710,22589,15632,697973,20382,14121,6261
Montezuma,1992,778953,48509,16541,579959,55193,35864,19329
Montrose,1992,375083,60887,5169,253743,84782,60437,24345
Morgan,1992,394172,157971,42557,183303,145766,143295,2471
Otero,1992,312950,Withheld,8363,240864,60432,54611,5821
Ouray,1992,109835,10774,Withheld,93978,13555,10739,2816
Park,1992,126750,8940,173,101081,11415,8316,3099
Phillips,1992,248839,136691,68705,39890,80426,78792,1634
Pitkin,1992,28976,5308,731,20687,11314,5158,6156
Prowers,1992,429181,141355,82102,198222,113922,111434,2488
Pueblo,1992,294173,29116,14330,243767,31515,28635,2880
Rio Blanco,1992,395654,22218,3565,346930,27368,20550,6818
Rio Grande,1992,213414,85261,11585,106952,113954,85035,28919
Routt,1992,434512,37702,8611,364194,46284,29494,16790
Saguache,1992,414896,Withheld,13979,276402,125839,102388,23451
San Juan,1992,Withheld,Withheld,0,Withheld,Withheld,Withheld,0
San Miguel,1992,151245,7500,899,134965,15824,7460,8364
Sedgwick,1992,198917,69640,35000,92347,45599,44126,1473
Summit,1992,Withheld,Withheld,0,17252,4700,3310,1390
Teller,1992,39562,1371,Withheld,22942,1243,1181,62
Washington,1992,378584,113151,91284,170907,44242,43439,803
Weld,1992,1010937,440069,98575,428244,407293,377993,29300
Yuma,1992,978008,337575,119514,511863,271781,263558,8223
Colorado,1997,16265182,3618930,1171343,9930005,3430129,2762068,668061
Adams,1997,138625,54312,47316,32671,27140,25381,1759
Alamosa,1997,180602,82264,6598,84004,106104,80892,25212
Arapahoe,1997,92448,15229,26326,49474,3901,3836,65
Archuleta,1997,90194,4358,4250,58253,16764,3533,13231
Baca,1997,359957,136624,108844,111705,65068,63994,1074
Bent,1997,404381,59965,7224,333437,62709,57881,4828
Boulder,1997,98253,35967,3300,52939,39464,32796,6668
Broomfield,1997,,,,,,,
Chaffee,1997,79174,15875,776,49045,24406,15839,8567
Cheyenne,1997,191365,56449,49756,84056,20632,Withheld,Withheld
Clear Creek,1997,Withheld,Withheld,0,Withheld,Withheld,Withheld,Withheld
Conejos,1997,274440,97587,11687,142079,130581,96497,34084
Costilla,1997,Withheld,35779,8919,79528,44010,35095,8915
Crowley,1997,143006,18463,11391,111387,21647,15090,6557
Custer,1997,121096,15724,124,96627,19633,14632,5001
Delta,1997,268227,45398,5749,172263,70981,45116,25865
Denver,1997,30,14,0,0,14,14,0
Dolores,1997,87952,22478,12661,45988,7508,6359,1149
Douglas,1997,49021,5230,3977,34762,3645,2939,706
Eagle,1997,136903,Withheld,284,93522,16637,11124,5513
Elbert,1997,165551,11837,7084,142309,6135,5254,881
El Paso,1997,190526,18221,1645,166364,15010,12416,2594
Fremont,1997,180456,9030,641,154990,19272,8849,10423
Garfield,1997,336352,37681,3433,254609,51383,36353,15030
Gilpin,1997,Withheld,Withheld,0,0,Withheld,Withheld,0
Grand,1997,233091,Withheld,1273,169049,39778,27673,12105
Gunnison,1997,157502,Withheld,Withheld,116062,51397,27732,23665
Hinsdale,1997,Withheld,583,841,3323,2324,583,1741
Huerfano,1997,302502,11879,185,264018,16208,11339,4869
Jackson,1997,377025,Withheld,0,262414,123645,78576,45069
Jefferson,1997,31219,2574,215,23377,3277,1459,1818
Kiowa,1997,118428,25227,27296,64399,5922,5562,360
Kit Carson,1997,747495,293110,166752,276178,145730,143718,2012
Lake,1997,Withheld,Withheld,0,12793,3917,359,3558
La Plata,1997,536044,35605,7148,187494,71855,31801,40054
Larimer,1997,338584,75766,13264,228938,77695,67993,9702
Las Animas,1997,697944,18990,7645,615796,24020,17678,6342
Lincoln,1997,237070,18758,14326,196771,4509,4374,135
Logan,1997,405028,135674,45505,210659,109198,103024,6174
Mesa,1997,368397,58179,4860,275856,87648,56815,30833
Mineral,1997,2883,Withheld,0,1242,183,Withheld,Withheld
Moffat,1997,614289,28222,16256,554298,29576,17205,12371
Montezuma,1997,880275,57347,7284,579470,61081,42508,18573
Montrose,1997,356610,64920,3600,236681,85040,63591,21449
Morgan,1997,387753,145478,37757,192316,142212,132044,10168
Otero,1997,262702,54664,4496,194294,63001,53344,9657
Ouray,1997,108657,9308,Withheld,84077,18349,9235,9114
Park,1997,181552,10770,1838,158840,17998,10150,7848
Phillips,1997,264257,159212,61258,41307,87816,86236,1580
Pitkin,1997,23172,Withheld,185,13295,9650,6125,3525
Prowers,1997,401092,155427,77808,158451,111091,107456,3635
Pueblo,1997,306010,31475,6229,250816,35638,29713,5925
Rio Blanco,1997,353399,23947,12166,298550,35905,22365,13540
Rio Grande,1997,228706,110217,9898,92330,136141,109345,26796
Routt,1997,350820,39189,10649,260136,49920,30577,19343
Saguache,1997,450546,Withheld,10511,305005,207200,121011,86189
San Juan,1997,Withheld,Withheld,0,Withheld,Withheld,Withheld,Withheld
San Miguel,1997,130595,5046,5192,113513,12341,4996,7345
Sedgwick,1997,193651,81987,28378,80790,51698,50630,1068
Summit,1997,32806,Withheld,0,15411,10939,5882,5057
Teller,1997,27826,1465,0,18590,1646,1136,510
Washington,1997,382194,135944,93292,149608,55568,52664,2904
Weld,1997,942783,414218,82362,408423,393030,365194,27836
Yuma,1997,916505,354577,87342,462169,274057,267226,6831
Colorado,2002,12864432,2840736,1690786,7039625,2590654,2178748,411906
Adams,2002,165784,62375,71056,28525,28890,24799,4091
Alamosa,2002,177587,78484,15682,77169,93968,77502,16466
Arapahoe,2002,74444,11434,10894,47483,3233,3073,160
Archuleta,2002,43040,3428,1525,25834,7515,3080,4435
Baca,2002,249959,69473,114835,62077,47801,46880,921
Bent,2002,337100,31797,70074,231822,30219,27381,2838
Boulder,2002,74801,29428,6627,29675,31403,25636,5767
Broomfield,2002,,,,,,,
Chaffee,2002,47799,7488,5009,29065,8818,6286,2532
Cheyenne,2002,145730,49118,54002,25793,29373,28566,807
Clear Creek,2002,Withheld,260,0,Withheld,Withheld,Withheld,Withheld
Conejos,2002,182796,48373,31697,87605,59209,44521,14688
Costilla,2002,277560,32584,11880,44864,34866,29895,4971
Crowley,2002,79053,6303,6324,65073,6156,4834,1322
Custer,2002,62333,2702,7179,50548,3487,2448,1039
Delta,2002,211472,33210,10612,130600,54184,31721,22463
Denver,2002,11,9,0,0,9,9,0
Dolores,2002,70178,14595,19662,29541,9966,8238,1728
Douglas,2002,23860,3870,1441,16470,3533,2730,803
Eagle,2002,82567,5599,1327,54161,9306,5448,3858
Elbert,2002,175647,18422,16596,131681,6164,5528,636
El Paso,2002,197958,9943,4238,175909,10025,8427,1598
Fremont,2002,106892,7026,3263,65189,11882,6364,5518
Garfield,2002,324530,20822,14921,252642,34217,18897,15320
Gilpin,2002,0,0,0,0,0,0,0
Grand,2002,175669,18646,3423,119754,35492,17741,17751
Gunnison,2002,138168,24925,3232,91962,41219,22343,18876
Hinsdale,2002,7469,530,Withheld,4177,1549,508,1041
Huerfano,2002,110747,1625,3901,99427,6381,1441,4940
Jackson,2002,320405,44004,15136,228558,54870,35360,19510
Jefferson,2002,33581,1631,1106,26276,1646,938,708
Kiowa,2002,26535,4400,7257,14396,3606,3606,0
Kit Carson,2002,708890,246037,274865,181691,136762,134760,2002
Lake,2002,1309,221,0,1058,516,206,310
La Plata,2002,466640,32825,19453,171015,66651,30233,36418
Larimer,2002,267870,55319,14907,186159,58837,49635,9202
Las Animas,2002,307746,4868,8166,288145,5333,3781,1552
Lincoln,2002,158545,23851,33268,99819,12849,Withheld,Withheld
Logan,2002,397735,123517,60653,207099,110569,99846,10723
Mesa,2002,273419,47920,11322,150096,66052,44471,21581
Mineral,2002,Withheld,Withheld,0,Withheld,Withheld,Withheld,0
Moffat,2002,589801,18845,20861,489959,22629,15508,7121
Montezuma,2002,706480,37292,16556,611126,48703,33417,15286
Montrose,2002,277797,58581,5370,161821,75459,56121,19338
Morgan,2002,370990,140270,41150,173586,133513,127816,5697
Otero,2002,198424,32632,22102,139148,39230,32147,7083
Ouray,2002,100120,8793,1671,57001,10548,8522,2026
Park,2002,59030,3373,3641,45085,10827,Withheld,Withheld
Phillips,2002,265872,142129,75670,43189,83905,83321,584
Pitkin,2002,22259,2512,326,7122,6374,2485,3889
Prowers,2002,453808,136539,153923,158762,94175,91727,2448
Pueblo,2002,191652,21255,15006,145712,24734,18891,5843
Rio Blanco,2002,225389,19996,8551,173200,23239,17299,5940
Rio Grande,2002,142694,79350,11281,39466,89241,78426,10815
Routt,2002,292530,28832,17382,193115,35844,22790,13054
Saguache,2002,254008,85643,25106,125236,91025,77948,13077
San Juan,2002,Withheld,0,0,Withheld,Withheld,0,Withheld
San Miguel,2002,61926,4374,3917,51268,5246,2249,2997
Sedgwick,2002,156098,66869,27552,59892,41075,40433,642
Summit,2002,19431,2259,651,8710,3674,1749,1925
Teller,2002,16092,Withheld,Withheld,13531,922,612,310
Washington,2002,296292,92375,74809,124515,43400,42874,526
Weld,2002,776327,347623,97658,287824,326494,300959,25535
Yuma,2002,873873,333390,131240,394079,253241,250552,2689
Colorado,2007,14237479,3526000,1218236,8190902,2867957,2296765,571192
Adams,2007,134239,64649,47347,18831,16963,16346,617
Alamosa,2007,155507,72240,10783,59743,94030,66837,27193
Arapahoe,2007,61247,13458,12408,33833,1688,1451,237
Archuleta,2007,100058,5165,690,84567,14542,3761,10781
Baca,2007,352331,136804,86131,122151,55679,Withheld,Withheld
Bent,2007,321505,52309,21237,210131,50450,46795,3655
Boulder,2007,109396,31643,2435,69696,33871,27135,6736
Broomfield,2007,4882,2509,Withheld,Withheld,959,Withheld,Withheld
Chaffee,2007,59936,11391,1160,38015,15139,10862,4277
Cheyenne,2007,261635,124074,48564,83173,33038,Withheld,Withheld
Clear Creek,2007,Withheld,100,Withheld,Withheld,81,75,6
Conejos,2007,207740,89853,7724,96913,119126,84416,34710
Costilla,2007,310520,42029,11482,78084,63525,41455,22070
Crowley,2007,132965,11477,5415,114236,9849,7552,2297
Custer,2007,74281,12734,2004,50041,18217,12427,5790
Delta,2007,228356,42004,5950,107165,66169,40128,26041
Denver,2007,121,85,Withheld,36,Withheld,85,Withheld
Dolores,2007,87197,19011,11496,48897,9377,8585,792
Douglas,2007,28498,5069,1125,20188,3453,3136,317
Eagle,2007,88345,6710,483,54049,11128,6451,4677
Elbert,2007,235587,22218,4054,203662,12368,11264,1104
El Paso,2007,96259,12337,3428,76318,15915,9237,6678
Fremont,2007,150884,9539,592,125052,11845,9220,2625
Garfield,2007,236472,29887,5881,157524,43720,28000,15720
Gilpin,2007,Withheld,Withheld,Withheld,Withheld,Withheld,Withheld,Withheld
Grand,2007,176899,27127,1906,103613,43130,22808,20322
Gunnison,2007,148439,26126,229,100618,40729,25313,15416
Hinsdale,2007,5356,387,Withheld,3844,1887,387,1500
Huerfano,2007,191337,10438,3006,166143,13889,8925,4964
Jackson,2007,300058,60674,3618,206215,89603,52096,37507
Jefferson,2007,40452,2248,84,26542,4205,1572,2633
Kiowa,2007,58103,22289,24434,11206,3266,Withheld,Withheld
Kit Carson,2007,790326,335722,187146,255645,118020,115836,2184
Lake,2007,13256,Withheld,Withheld,6210,2715,182,2533
La Plata,2007,504603,35020,8456,407768,66025,28704,37321
Larimer,2007,255826,68493,7876,156997,63405,56285,7120
Las Animas,2007,676880,25547,14981,550011,35066,16954,18112
Lincoln,2007,161478,30710,16324,113411,9652,9652,Withheld
Logan,2007,399244,145377,49273,188921,100278,95236,5042
Mesa,2007,300742,44271,14208,201543,64272,41619,22653
Mineral,2007,7310,Withheld,Withheld,Withheld,847,757,90
Moffat,2007,560560,32185,21370,490745,28472,17562,10910
Montezuma,2007,640410,47431,11139,496248,57087,37581,19506
Montrose,2007,291939,58399,4189,185195,85656,55860,29796
Morgan,2007,293445,118605,27716,128942,94611,90748,3863
Otero,2007,282735,55686,8874,204810,55217,47922,7295
Ouray,2007,84379,7615,458,49514,10681,7525,3156
Park,2007,92921,4786,1246,78757,9933,4249,5684
Phillips,2007,228767,142371,45829,31794,63734,63254,480
Pitkin,2007,27840,3556,439,16653,9971,3556,6415
Prowers,2007,445536,186031,102324,148835,103205,97905,5300
Pueblo,2007,351323,23355,4289,302405,24606,21044,3562
Rio Blanco,2007,299945,18719,3588,247129,22992,16188,6804
Rio Grande,2007,163734,85962,14244,48438,102792,83389,19403
Routt,2007,320049,42870,9625,206007,43527,27270,16257
Saguache,2007,255523,89188,12953,135384,103292,82126,21166
San Juan,2007,Withheld,Withheld,Withheld,Withheld,Withheld,Withheld,Withheld
San Miguel,2007,85927,6362,2856,69129,12694,3627,9067
Sedgwick,2007,196754,81371,35372,77779,40040,39366,674
Summit,2007,41358,4315,615,31114,10509,3895,6614
Teller,2007,25073,1401,Withheld,14792,1405,1182,223
Washington,2007,301023,103785,52743,137374,37553,35726,1827
Weld,2007,906619,393011,122978,348960,327836,303373,24463
Yuma,2007,867610,365973,108052,382399,263820,258083,5737
Colorado,2012,13893878,3202199,1480719,8030191,2516785,2110131,406654
Adams,2012,171031,68003,73201,26768,17649,17206,443
Alamosa,2012,158240,46586,15359,87565,68623,44675,23948
Arapahoe,2012,64494,8687,9003,46361,2460,2303,157
Archuleta,2012,136501,7912,801,108493,24234,6471,17763
Baca,2012,430200,165957,125961,131024,62564,60638,1926
Bent,2012,341696,32336,23544,245826,31472,27459,4013
Boulder,2012,100041,28541,2662,62461,30126,24741,5385
Broomfield,2012,10580,6093,4420,55,1101,Withheld,Withheld
Chaffee,2012,55554,10311,1667,33712,13534,10014,3520
Cheyenne,2012,286758,92558,58984,128506,26551,Withheld,Withheld
Clear Creek,2012,Withheld,Withheld,0,Withheld,Withheld,Withheld,Withheld
Conejos,2012,237987,80351,14958,121638,100080,73851,26229
Costilla,2012,283342,29450,16551,59462,34330,29085,5245
Crowley,2012,170488,7958,7610,152557,5857,4721,1136
Custer,2012,69730,11123,1201,44439,12342,10237,2105
Delta,2012,234615,42824,7774,129583,59232,40556,18676
Denver,2012,6,5,0,0,5,5,0
Dolores,2012,81917,10846,14118,32742,7400,6702,698
Douglas,2012,19763,1515,2266,15084,1686,1309,377
Eagle,2012,96661,9360,3749,54860,12743,7983,4760
Elbert,2012,190182,14869,8807,163148,8435,7550,885
El Paso,2012,64618,8296,2892,50766,7859,7116,743
Fremont,2012,135132,6999,2376,108565,8449,6861,1588
Garfield,2012,205858,23477,7035,138363,32291,20892,11399
Gilpin,2012,Withheld,Withheld,0,Withheld,Withheld,Withheld,0
Grand,2012,194546,29286,2260,146593,27547,22015,5532
Gunnison,2012,164483,31419,2486,104470,42213,26982,15231
Hinsdale,2012,8554,957,0,6971,2432,407,2025
Huerfano,2012,197823,8006,3863,175680,11651,7292,4359
Jackson,2012,306218,50505,7515,228413,59555,46503,13052
Jefferson,2012,26300,2454,Withheld,8918,2258,1437,821
Kiowa,2012,139797,33092,62006,43547,3060,Withheld,Withheld
Kit Carson,2012,756492,291882,248533,207031,110235,108476,1759
Lake,2012,7700,491,Withheld,5169,3571,459,3112
La Plata,2012,498530,37545,20277,299939,61700,30640,31060
Larimer,2012,210497,60658,10893,123492,52520,47441,5079
Las Animas,2012,256837,10810,9481,220966,11313,9161,2152
Lincoln,2012,141234,21292,17809,100731,4807,Withheld,Withheld
Logan,2012,392119,128806,34445,222249,94002,90050,3952
Mesa,2012,326204,56335,5693,223468,75305,51160,24145
Mineral,2012,Withheld,Withheld,0,Withheld,Withheld,Withheld,0
Moffat,2012,598473,19204,26200,515830,23524,12112,11412
Montezuma,2012,631237,53605,12330,538342,62616,44026,18590
Montrose,2012,282038,55317,4506,186707,70407,53561,16846
Morgan,2012,305209,116328,24950,151234,100881,97487,3394
Otero,2012,255207,46924,18603,184067,43552,40573,2979
Ouray,2012,57780,7095,380,37216,9823,7000,2823
Park,2012,54981,2666,520,50093,3761,2406,1355
Phillips,2012,248753,157951,55629,30200,72945,72656,289
Pitkin,2012,26350,3755,752,14334,7538,3665,3873
Prowers,2012,521246,145792,118559,250984,79896,78825,1071
Pueblo,2012,240737,15143,10176,211154,18564,14322,4242
Rio Blanco,2012,369964,21740,4388,293672,25647,17446,8201
Rio Grande,2012,171393,83468,14472,56829,93615,80467,13148
Routt,2012,391631,61424,7836,261511,46568,34301,12267
Saguache,2012,265116,78480,23343,138084,90516,76429,14087
San Juan,2012,0,0,0,0,0,0,0
San Miguel,2012,`,4353,1106,42405,12674,3908,8766
Sedgwick,2012,194804,81961,30876,78703,38108,37691,417
Summit,2012,24104,3623,320,17956,4217,3513,704
Teller,2012,19156,423,1080,11396,444,Withheld,Withheld
Washington,2012,313575,99794,60044,149218,46992,44961,2031
Weld,2012,856240,347302,118780,355860,299892,268844,31048
Yuma,2012,833100,317656,113475,392199,232998,227836,5162
Colorado,2017,14402624,3500803,1392513,8257339,2761173,2334912,426261
Adams,2017,135961,65140,38947,29634,21557,21092,465
Alamosa,2017,149166,59168,17824,62596,79543,55282,24261
Arapahoe,2017,36021,5592,6146,23425,1155,963,192
Archuleta,2017,103322,7443,2299,69069,18332,6606,11726
Baca,2017,408922,128298,108243,144817,45519,44643,876
Bent,2017,348641,36107,23178,286392,38828,33572,5256
Boulder,2017,75034,26653,3233,39016,27232,23432,3800
Broomfield,2017,7208,2200,4999,Withheld,1231,Withheld,Withheld
Chaffee,2017,55230,12269,2176,36305,16464,12263,4201
Cheyenne,2017,276504,93394,77317,100792,23554,Withheld,Withheld
Clear Creek,2017,8107,Withheld,100,1648,286,173,113
Conejos,2017,243023,99503,19913,100289,119518,97090,22428
Costilla,2017,Withheld,30413,9083,43715,39343,29685,9658
Crowley,2017,194063,6952,4046,181692,4684,4052,632
Custer,2017,79202,19111,3063,53717,22558,18021,4537
Delta,2017,218695,48588,9983,122405,66762,46728,20034
Denver,2017,11,11,Withheld,Withheld,Withheld,Withheld,Withheld
Dolores,2017,69116,11451,7735,45636,7241,6252,989
Douglas,2017,38295,4156,1818,29669,2285,1843,442
Eagle,2017,138876,11304,2341,83817,14780,11193,3587
Elbert,2017,228749,14597,16652,193253,6690,6202,488
El Paso,2017,55365,5990,2839,44242,8922,5529,3393
Fremont,2017,128200,9482,2752,100820,11254,9294,1960
Garfield,2017,393994,39035,11240,278627,51961,36536,15425
Gilpin,2017,Withheld,Withheld,Withheld,Withheld,Withheld,Withheld,Withheld
Grand,2017,213518,29335,681,160036,36290,28949,7341
Gunnison,2017,234343,41125,2481,156607,57672,41105,16567
Hinsdale,2017,10100,947,Withheld,4051,2461,767,1694
Huerfano,2017,195205,8194,1799,171846,8573,7431,1142
Jackson,2017,263675,58880,Withheld,173249,70448,58210,12238
Jefferson,2017,21711,821,440,11026,1190,564,626
Kiowa,2017,163466,62301,43299,57248,2740,Withheld,Withheld
Kit Carson,2017,868865,364014,202553,297064,117816,116014,1802
Lake,2017,9303,530,Withheld,8763,1872,490,1382
La Plata,2017,481855,38356,22247,296996,58522,35488,23034
Larimer,2017,282031,57651,8725,191701,60191,48869,11322
Las Animas,2017,456710,14041,16127,333636,17327,13351,3976
Lincoln,2017,180325,22117,14189,142893,5804,5804,Withheld
Logan,2017,371852,143262,37241,181208,107058,104452,2606
Mesa,2017,282428,49412,13321,173037,76221,47648,28573
Mineral,2017,Withheld,Withheld,Withheld,5522,2887,Withheld,Withheld
Moffat,2017,655956,28703,21547,568967,30141,23715,6426
Montezuma,2017,615058,69633,15218,500459,79029,63367,15662
Montrose,2017,275273,44689,7928,185822,79821,43286,36535
Morgan,2017,362651,163311,45386,142132,132296,131315,981
Otero,2017,225982,49950,10499,161894,49291,46115,3176
Ouray,2017,76585,7883,418,51061,8603,6963,1640
Park,2017,84658,6113,2244,68334,12040,5934,6106
Phillips,2017,247886,166967,55679,21724,79278,Withheld,Withheld
Pitkin,2017,23987,4555,307,11512,10082,4211,5871
Prowers,2017,488773,146752,109014,226994,88311,86112,2199
Pueblo,2017,133499,16402,4724,107793,18078,15067,3011
Rio Blanco,2017,309846,25922,7085,252235,27124,23338,3786
Rio Grande,2017,161797,83962,16542,47942,93586,80609,12977
Routt,2017,338093,37017,10773,209281,42745,29737,13008
Saguache,2017,299538,99031,25415,154424,118411,91983,26428
San Juan,2017,Withheld,Withheld,Withheld,Withheld,Withheld,Withheld,Withheld
San Miguel,2017,91010,4507,1668,76547,15918,4427,11491
Sedgwick,2017,230573,109848,35536,83939,40407,40155,252
Summit,2017,24289,3852,82,15555,5509,3843,1666
Teller,2017,25374,Withheld,268,17804,874,Withheld,Withheld
Washington,2017,329608,97147,49732,181129,40427,40269,158
Weld,2017,821185,391161,117266,288453,323436,303156,20280
Yuma,2017,890326,314029,115336,446868,208967,204795,4172
Colorado,2022,13050625,2948391,1461096,7499077,2287808,1931173,356635
Adams,2022,124338,45914,37545,34050,12101,11929,172
Alamosa,2022,98280,45444,14279,28260,57143,41542,15601
Arapahoe,2022,30559,2512,4627,23033,987,820,167
Archuleta,2022,116399,11923,2693,68253,21457,11783,9674
Baca,2022,411689,112143,96023,171711,40768,37231,3537
Bent,2022,348453,38132,20139,277672,37479,34566,2913
Boulder,2022,47701,22006,2607,18262,22148,18240,3908
Broomfield,2022,Withheld,Withheld,Withheld,0,Withheld,Withheld,0
Chaffee,2022,44621,7356,788,28915,11211,7346,3865
Cheyenne,2022,263193,99669,62377,90587,18192,17592,600
Clear Creek,2022,6733,142,Withheld,Withheld,154,Withheld,Withheld
Conejos,2022,154462,59443,10721,75097,81014,57239,23775
Costilla,2022,58958,18422,12259,26181,18456,15116,3340
Crowley,2022,69109,2791,5070,59939,1994,1618,376
Custer,2022,36155,7091,603,20333,7748,6996,752
Delta,2022,158182,37532,12779,73896,50169,35168,15001
Denver,2022,41,21,Withheld,Withheld,Withheld,Withheld,Withheld
Dolores,2022,67271,10075,12862,27083,5415,4274,1141
Douglas,2022,35618,1276,1020,31102,791,628,163
Eagle,2022,92819,12874,3759,47200,14410,12816,1594
Elbert,2022,203138,11756,11137,177772,5795,5599,196
El Paso,2022,61285,3912,2312,51153,4537,3450,1087
Fremont,2022,82511,6944,4242,62516,8402,6631,1771
Garfield,2022,288632,32389,10478,166431,39667,30490,9177
Gilpin,2022,380,92,0,42,42,42,0
Grand,2022,198776,29853,4284,136116,37130,28694,8436
Gunnison,2022,206489,35188,1068,138243,48395,35175,13220
Hinsdale,2022,Withheld,Withheld,Withheld,4047,2208,Withheld,Withheld
Huerfano,2022,56523,3854,1210,41733,4212,3429,783
Jackson,2022,349365,77829,1008,230686,89555,70535,19020
Jefferson,2022,12040,1137,193,Withheld,987,650,337
Kiowa,2022,138110,10969,Withheld,61295,2513,2095,418
Kit Carson,2022,815955,308204,224938,266657,84681,83893,788
Lake,2022,8361,790,366,6686,1268,702,566
La Plata,2022,458886,39005,17242,286347,64660,38652,26008
Larimer,2022,269148,56204,9878,191261,67568,49053,18515
Las Animas,2022,353169,12893,8551,269946,16586,11888,4698
Lincoln,2022,146430,7364,11313,127375,5376,2076,3300
Logan,2022,392581,127762,60518,194314,91154,86691,4463
Mesa,2022,202088,38931,6991,115341,54238,38600,15638
Mineral,2022,12785,1230,4955,980,1230,1230,0
Moffat,2022,642735,22688,15566,560092,23099,17730,5369
Montezuma,2022,614384,40614,19409,Withheld,50165,38228,11937
Montrose,2022,229170,40947,12807,143369,61660,38051,23609
Morgan,2022,302611,104321,30639,160006,83576,81777,1799
Otero,2022,266808,39535,15435,208379,38109,35897,2212
Ouray,2022,81600,7332,5135,55841,8941,7332,1609
Park,2022,79016,6049,2307,45663,7126,5752,1374
Phillips,2022,250902,151053,80149,16185,81066,80608,458
Pitkin,2022,28803,4680,864,16709,7751,4679,3072
Prowers,2022,357276,130613,70177,147902,89935,87658,2277
Pueblo,2022,237384,12567,14638,200548,13392,11421,1971
Rio Blanco,2022,346289,18694,7092,282234,19778,16703,3075
Rio Grande,2022,159319,73972,13499,58631,83263,69560,13703
Routt,2022,462760,60210,4468,286072,59898,47643,12255
Saguache,2022,278421,78530,44234,128921,92184,70377,21807
San Juan,2022,0,0,0,0,0,0,0
San Miguel,2022,70159,3582,2654,56716,11172,3041,8131
Sedgwick,2022,138866,63203,36116,36778,28115,27455,660
Summit,2022,14674,2030,221,8541,5688,1823,3865
Teller,2022,10689,999,100,5817,1322,Withheld,Withheld
Washington,2022,347262,117838,97389,129670,29990,26777,3213
Weld,2022,793447,341188,103289,320898,274813,263379,11434
Yuma,2022,909964,285551,139016,474875,184757,179235,5522