Date, Storage (af)
1-Oct-80, 22071500 
1-Nov-80, 21675700 
1-Dec-80, 21450400 
1-Jan-81, 21200700 
1-Feb-81, 20986400 
1-Mar-81, 20937300 
1-Apr-81, 20865400 
1-May-81, 20938700 
1-Jun-81, 21352000 
1-Jul-81, 20942900 
1-Aug-81, 20323300 
1-Sep-81, 20115700 
1-Oct-81, 20112800 
1-Nov-81, 19937300 
1-Dec-81, 19495600 
1-Jan-82, 18993200 
1-Feb-82, 18859900 
1-Mar-82, 19021200 
1-Apr-82, 19240200 
1-May-82, 20485200 
1-Jun-82, 21988100 
1-Jul-82, 22353200 
1-Aug-82, 22246000 
1-Sep-82, 22341000 
1-Oct-82, 22398400 
1-Nov-82, 22188600 
1-Dec-82, 21960800 
1-Jan-83, 21749700 
1-Feb-83, 21573800 
1-Mar-83, 21942800 
1-Apr-83, 22119200 
1-May-83, 23544100 
1-Jun-83, 25493000 
1-Jul-83, 25546300 
1-Aug-83, 25044400 
1-Sep-83, 24143000 
1-Oct-83, 23410600 
1-Nov-83, 22728100 
1-Dec-83, 22034900 
1-Jan-84, 21338500 
1-Feb-84, 20830400 
1-Mar-84, 20414700 
1-Apr-84, 20424500 
1-May-84, 22424600 
1-Jun-84, 24531700 
1-Jul-84, 24672800 
1-Aug-84, 24383100 
1-Sep-84, 23673800 
1-Oct-84, 23263200 
1-Nov-84, 22632600 
1-Dec-84, 21962500 
1-Jan-85, 21333500 
1-Feb-85, 20701000 
1-Mar-85, 20750900 
1-Apr-85, 21936900 
1-May-85, 23621400 
1-Jun-85, 24342300 
1-Jul-85, 23864600 
1-Aug-85, 22868100 
1-Sep-85, 22096600 
1-Oct-85, 22182100 
1-Nov-85, 22218200 
1-Dec-85, 22326700 
1-Jan-86, 22085900 
1-Feb-86, 21784600 
1-Mar-86, 21359000 
1-Apr-86, 21561400 
1-May-86, 22010800 
1-Jun-86, 23527900 
1-Jul-86, 24277200 
1-Aug-86, 23485400 
1-Sep-86, 22695600 
1-Oct-86, 22634400 
1-Nov-86, 22457800 
1-Dec-86, 21901500 
1-Jan-87, 21124100 
1-Feb-87, 20918900 
1-Mar-87, 21174700 
1-Apr-87, 21914600 
1-May-87, 23461400 
1-Jun-87, 24062200 
1-Jul-87, 23700300 
1-Aug-87, 23000800 
1-Sep-87, 22440500 
1-Oct-87, 22416200 
1-Nov-87, 22361700 
1-Dec-87, 22041100 
1-Jan-88, 21704800 
1-Feb-88, 21514500 
1-Mar-88, 21505600 
1-Apr-88, 21789100 
1-May-88, 22449200 
1-Jun-88, 23200000 
1-Jul-88, 22903000 
1-Aug-88, 22459700 
1-Sep-88, 22087100 
1-Oct-88, 21874951 
1-Nov-88, 21565597 
1-Dec-88, 21223122 
1-Jan-89, 20765699 
1-Feb-89, 20483744 
1-Mar-89, 20482326 
1-Apr-89, 20659984 
1-May-89, 20945190 
1-Jun-89, 20921271 
1-Jul-89, 20339619 
1-Aug-89, 19805292 
1-Sep-89, 19183233 
1-Oct-89, 18947699 
1-Nov-89, 18668673 
1-Dec-89, 18291767 
1-Jan-90, 17922869 
1-Feb-90, 17613525 
1-Mar-90, 17344273 
1-Apr-90, 17154802 
1-May-90, 17065576 
1-Jun-90, 17279285 
1-Jul-90, 16883207 
1-Aug-90, 16128570 
1-Sep-90, 15722660 
1-Oct-90, 15696996 
1-Nov-90, 15563466 
1-Dec-90, 15246237 
1-Jan-91, 14932500 
1-Feb-91, 14741149 
1-Mar-91, 14602391 
1-Apr-91, 14586921 
1-May-91, 15112027 
1-Jun-91, 15887665 
1-Jul-91, 15488352 
1-Aug-91, 14989915 
1-Sep-91, 14698880 
1-Oct-91, 14546049 
1-Nov-91, 14474481 
1-Dec-91, 14251493 
1-Jan-92, 13897188 
1-Feb-92, 13745243 
1-Mar-92, 13698705 
1-Apr-92, 13913188 
1-May-92, 14934751 
1-Jun-92, 15275925 
1-Jul-92, 14913406 
1-Aug-92, 14427250 
1-Sep-92, 14084829 
1-Oct-92, 13891849 
1-Nov-92, 13703991 
1-Dec-92, 13334385 
1-Jan-93, 13104284 
1-Feb-93, 12993802 
1-Mar-93, 13412363 
1-Apr-93, 14159317 
1-May-93, 16804762 
1-Jun-93, 19337327 
1-Jul-93, 19526472 
1-Aug-93, 19074333 
1-Sep-93, 18824804 
1-Oct-93, 18790311 
1-Nov-93, 18693737 
1-Dec-93, 18402435 
1-Jan-94, 18122129 
1-Feb-94, 17851241 
1-Mar-94, 17784914 
1-Apr-94, 17720033 
1-May-94, 18627816 
1-Jun-94, 19245283 
1-Jul-94, 18724121 
1-Aug-94, 18089882 
1-Sep-94, 17772167 
1-Oct-94, 17684480 
1-Nov-94, 17516298 
1-Dec-94, 17220702 
1-Jan-95, 16842725 
1-Feb-95, 16569855 
1-Mar-95, 16626838 
1-Apr-95, 16786431 
1-May-95, 18350285 
1-Jun-95, 21298870 
1-Jul-95, 23307302 
1-Aug-95, 22972229 
1-Sep-95, 22311240 
1-Oct-95, 21933068 
1-Nov-95, 21680640 
1-Dec-95, 21392359 
1-Jan-96, 20946632 
1-Feb-96, 20692796 
1-Mar-96, 20220090 
1-Apr-96, 20186442 
1-May-96, 21389430 
1-Jun-96, 22409548 
1-Jul-96, 22219242 
1-Aug-96, 21580303 
1-Sep-96, 21154837 
1-Oct-96, 20968236 
1-Nov-96, 20894802 
1-Dec-96, 20497895 
1-Jan-97, 19991015 
1-Feb-97, 19321047 
1-Mar-97, 18917909 
1-Apr-97, 19107890 
1-May-97, 21089613 
1-Jun-97, 23383798 
1-Jul-97, 23293257 
1-Aug-97, 22892093 
1-Sep-97, 22801446 
1-Oct-97, 22553819 
1-Nov-97, 22123055 
1-Dec-97, 21595052 
1-Jan-98, 21102625 
1-Feb-98, 20630028 
1-Mar-98, 20273472 
1-Apr-98, 20745648 
1-May-98, 22645310 
1-Jun-98, 23727909 
1-Jul-98, 23565606 
1-Aug-98, 22865953 
1-Sep-98, 22403483 
1-Oct-98, 22198187 
1-Nov-98, 22076560 
1-Dec-98, 21654053 
1-Jan-99, 21344131 
1-Feb-99, 21088164 
1-Mar-99, 20916366 
1-Apr-99, 20893363 
1-May-99, 21561176 
1-Jun-99, 23304180 
1-Jul-99, 23377541 
1-Aug-99, 23291697 
1-Sep-99, 22996950 
1-Oct-99, 22534054 
1-Nov-99, 21968875 
1-Dec-99, 21443640 
1-Jan-00, 21137411 
1-Feb-00, 20948074 
1-Mar-00, 20818690 
1-Apr-00, 20674225 
1-May-00, 21044755 
1-Jun-00, 21757615 
1-Jul-00, 21568545 
1-Aug-00, 21304711 
1-Sep-00, 20939423 
1-Oct-00, 20752807 
1-Nov-00, 20301595 
1-Dec-00, 19823235 
1-Jan-01, 19327829 
1-Feb-01, 19023430 
1-Mar-01, 18864671 
1-Apr-01, 18820818 
1-May-01, 19797000 
1-Jun-01, 20259405 
1-Jul-01, 19763890 
1-Aug-01, 19321047 
1-Sep-01, 19134795 
1-Oct-01, 18802257 
1-Nov-01, 18510914 
1-Dec-01, 17995952 
1-Jan-02, 17507501 
1-Feb-02, 17189596 
1-Mar-02, 16927421 
1-Apr-02, 16704682 
1-May-02, 16535969 
1-Jun-02, 16110750 
1-Jul-02, 15333130 
1-Aug-02, 14569225 
1-Sep-02, 14467880 
1-Oct-02, 14269970 
1-Nov-02, 14110706 
1-Dec-02, 13773841 
1-Jan-03, 13269125 
1-Feb-03, 12833247 
1-Mar-03, 12443571 
1-Apr-03, 12243413 
1-May-03, 12756490 
1-Jun-03, 13364505 
1-Jul-03, 12793807 
1-Aug-03, 12156322 
1-Sep-03, 12109533 
1-Oct-03, 11935147 
1-Nov-03, 11795920 
1-Dec-03, 11486774 
1-Jan-04, 10984245 
1-Feb-04, 10536874 
1-Mar-04, 10179570 
1-Apr-04, 10192620 
1-May-04, 10566253 
1-Jun-04, 10476457 
1-Jul-04, 9913853 
1-Aug-04, 9277886 
1-Sep-04, 9169460 
1-Oct-04, 9147553 
1-Nov-04, 8889033 
1-Dec-04, 8663616 
1-Jan-05, 8481378 
1-Feb-05, 8264678 
1-Mar-05, 8015213 
1-Apr-05, 8538478 
1-May-05, 10509305 
1-Jun-05, 12359502 
1-Jul-05, 12417834 
1-Aug-05, 12022139 
1-Sep-05, 11939007 
1-Oct-05, 12016321 
1-Nov-05, 11976667 
1-Dec-05, 11576323 
1-Jan-06, 11205927 
1-Feb-06, 10793364 
1-Mar-06, 10704126 
1-Apr-06, 11093352 
1-May-06, 12258121 
1-Jun-06, 12765572 
1-Jul-06, 12415852 
1-Aug-06, 12017290 
1-Sep-06, 11916846 
1-Oct-06, 12526054 
1-Nov-06, 12415842 
1-Dec-06, 12076466 
1-Jan-07, 11703394 
1-Feb-07, 11551778 
1-Mar-07, 11636909 
1-Apr-07, 11783493 
1-May-07, 12691083 
1-Jun-07, 12881880 
1-Jul-07, 12465407 
1-Aug-07, 12094938 
1-Sep-07, 11929370 
1-Oct-07, 11809316 
1-Nov-07, 11619851 
1-Dec-07, 11245782 
1-Jan-08, 10880359 
1-Feb-08, 10880359 
1-Mar-08, 10799697 
1-Apr-08, 11194825 
1-May-08, 12812006 
1-Jun-08, 14970763 
1-Jul-08, 15191540 
1-Aug-08, 14802503 
1-Sep-08, 14508577 
1-Oct-08, 14172307 
1-Nov-08, 13965594 
1-Dec-08, 13540898 
1-Jan-09, 13154627 
1-Feb-09, 12937756 
1-Mar-09, 12773632 
1-Apr-09, 12857547 
1-May-09, 14751176 
1-Jun-09, 16060989 
1-Jul-09, 16138064 
1-Aug-09, 15709825 
1-Sep-09, 15462973 
1-Oct-09, 15250803 
1-Nov-09, 14976395 
1-Dec-09, 14433841 
1-Jan-10, 13991311 
1-Feb-10, 13780191 
1-Mar-10, 13700829 
1-Apr-10, 13816275 
1-May-10, 14405339 
1-Jun-10, 15864183 
1-Jul-10, 15595908 
1-Aug-10, 15368674 
1-Sep-10, 15266787 
1-Oct-10, 15314809 
1-Nov-10, 14887584 
1-Dec-10, 14468976 
1-Jan-11, 13821588 
1-Feb-11, 13235015 
1-Mar-11, 12803921 
1-Apr-11, 12925552 
1-May-11, 14097762 
1-Jun-11, 17089086 
1-Jul-11, 18605441 
1-Aug-11, 17889579 
1-Sep-11, 17593301 
1-Oct-11, 17249350 
1-Nov-11, 16682755 
1-Dec-11, 15973570 
1-Jan-12, 15641172 
1-Feb-12, 15452603 
1-Mar-12, 15458364 
1-Apr-12, 15507966 
1-May-12, 15631880 
1-Jun-12, 15294215 
1-Jul-12, 14679979 
1-Aug-12, 14150670 
1-Sep-12, 13929222 
1-Oct-12, 13706110 
1-Nov-12, 13250511 
1-Dec-12, 12712525 
1-Jan-13, 12176834 
1-Feb-13, 11890863 
1-Mar-13, 11651135 
1-Apr-13, 11422008 
1-May-13, 11696734 
1-Jun-13, 11756753 
1-Jul-13, 11202228 
1-Aug-13, 10787947 
1-Sep-13, 10934043 
1-Oct-13, 10900357 
1-Nov-13, 10631470 
1-Dec-13, 10323809 
1-Jan-14, 9827727 
1-Feb-14, 9563112 
1-Mar-14, 9497289 
1-Apr-14, 9731949 
1-May-14, 10764472 
1-Jun-14, 12648940 
1-Jul-14, 12535019 
1-Aug-14, 12314154 
1-Sep-14, 12285625 
1-Oct-14, 12289557 
1-Nov-14, 11929370 
1-Dec-14, 11536684 
1-Jan-15, 11146783 
1-Feb-15, 11023589 
1-Mar-15, 10913095 
1-Apr-15, 10836808 
1-May-15, 11491480 
1-Jun-15, 13089932 
1-Jul-15, 12995833 
1-Aug-15, 12636916 
1-Sep-15, 12332870 
1-Oct-15, 12375298 
1-Nov-15, 12279728 
1-Dec-15, 11826553 
1-Jan-16, 11426694 
1-Feb-16, 11224455 
1-Mar-16, 11019009 
1-Apr-16, 11013514 
1-May-16, 12123170 
1-Jun-16, 13764294 
1-Jul-16, 13575516 
1-Aug-16, 13090957 
1-Sep-16, 12824140 
1-Oct-16, 12678029 
1-Nov-16, 12313170 
1-Dec-16, 11796878 
1-Jan-17, 11359338 
1-Feb-17, 11217043 
1-Mar-17, 11364007 
1-Apr-17, 12149494 
1-May-17, 13667058 
1-Jun-17, 15407724 
1-Jul-17, 15384745 
1-Aug-17, 14951625 
1-Sep-17, 14664438 
1-Oct-17, 14529509 
1-Nov-17, 14332082 
1-Dec-17, 14067595 
1-Jan-18, 13672331 
1-Feb-18, 13345812 
1-Mar-18, 12956078 
1-Apr-18, 12668997 
1-May-18, 12885938 
1-Jun-18, 12728287 
1-Jul-18, 12116351 
1-Aug-18, 11477376 
1-Sep-18, 11027712 
1-Oct-18, 10862199 
1-Nov-18, 10506637 
1-Dec-18, 10098851 
1-Jan-19, 9629238 
1-Feb-19, 9260702 
1-Mar-19, 9049012 
1-Apr-19, 9197907 
1-May-19, 10343141 
1-Jun-19, 12914371 
1-Jul-19, 13933497 
1-Aug-19, 13610192 
1-Sep-19, 13277399 
1-Oct-19, 13033624 
1-Nov-19, 12854508 
1-Dec-19, 12603889 
1-Jan-20, 12280710 
1-Feb-20, 12011477 
1-Mar-20, 11817933 
1-Apr-20, 11685324 
1-May-20, 12238501 
1-Jun-20, 12792809 
1-Jul-20, 12356539 
1-Aug-20, 11723386 
1-Sep-20, 11370546 
1-Oct-20, 10976930 
1-Nov-20, 10615367 
1-Dec-20, 10130046 
1-Jan-21, 9638469 
1-Feb-21, 9225599 
1-Mar-21, 8843790 
1-Apr-21, 8504490 
1-May-21, 8366443 
1-Jun-21, 8327615 
1-Jul-21, 7866268 
1-Aug-21, 7510963 
1-Sep-21, 7257712 
1-Oct-21, 7180773 
1-Nov-21, 7015587 
1-Dec-21, 6713123 
1-Jan-22, 6335175 
1-Feb-22, 6048301 
1-Mar-22, 5812418 
1-Apr-22, 5790596 
1-May-22, 6346048 
1-Jun-22, 6878423 
1-Jul-22, 6212161 
1-Aug-22, 5937931 
1-Sep-22, 5797422 
1-Oct-22, 5832352 
1-Nov-22, 5720326 
1-Dec-22, 5530546 
1-Jan-23, 5456139 
1-Feb-23, 5319754 
1-Mar-23, 5374970 
1-Apr-23, 5544348 
1-May-23, 7887844 
1-Jun-23, 9574258 
1-Jul-23, 9327825 
1-Aug-23, 8878023 
1-Sep-23, 8790353 
1-Oct-23, 8723925 
1-Nov-23, 8626256 
1-Dec-23, 8440669 
1-Jan-24, 8138093 
1-Feb-24, 7935134 
1-Mar-24, 7717482 
1-Apr-24, 7773997 
1-May-24, 8419722 
1-Jun-24, 9748844 
1-Jul-24, 9667444 
1-Aug-24, 9375164 
1-Sep-24, 9141694 
1-Oct-24, 9047223 
1-Nov-24, 8918380 
1-Dec-24, 8668893 
1-Jan-25, 8275371 
1-Feb-25, 7983370 
1-Mar-25, 7737232 
1-Apr-25, 7638798 
1-May-25, 7714663 
1-Jun-25, 7879266